Publish Date,SEO Title,Category,HTML File,Approx. Words,Meta Description
2026-10-02,Google Ads AI Max Reporting Update 2026: What Advertisers Should Know,Google Ads,google-ads-ai-max-reporting-update-2026.html,790,"A practical guide to Google Ads AI Max reporting updates in 2026, including search-term, asset and landing-page visibility, measurement, testing and lead-quality implications."
2026-10-05,Google Ads Negative Keywords: A Practical Guide to Better Lead Quality,Google Ads,google-ads-negative-keywords-guide.html,789,"Learn how to use Google Ads negative keywords to reduce wasted spend, improve search-term relevance and protect qualified lead generation."
2026-10-07,Enhanced Conversions for Leads: How to Improve Google Ads Measurement in 2026,Google Ads,enhanced-conversions-for-leads-guide.html,719,"A clear guide to Enhanced Conversions for Leads, offline lead feedback, first-party data and how better measurement can improve Google Ads optimization."
2026-10-09,Facebook Ads Benchmarks 2026: What Lead Generation Advertisers Should Actually Watch,Meta Ads,facebook-ads-benchmarks-2026-lead-generation.html,668,"A practical interpretation of 2026 Facebook Ads benchmark trends for CTR, CPC, lead campaigns and qualified lead performance."
2026-10-11,Google Ads Bidding Playbook for the Festive Season: Smart Bidding Without Wasting Budget,Google Ads,navratri-google-ads-bidding-playbook-2026.html,1729,"A practical festive Google Ads bidding playbook covering Smart Bidding, budget pacing, conversion quality, testing and ROI protection during demand spikes."
2026-10-12,Navratri Marketing Ideas 2026: Campaign Strategies for Local and eCommerce Brands,Digital Marketing,navratri-digital-marketing-ideas-2026.html,628,"Practical Navratri 2026 marketing ideas for eCommerce, beauty, fashion, food, local services and lead-generation brands across paid ads, content and remarketing."
2026-10-12,Navratri Meta Ads Creative Guide: Use the 9 Colors Without Making Every Ad Look the Same,Meta Ads,navratri-meta-ads-nine-colors-creative-guide-2026.html,1627,A practical nine-color Navratri Meta Ads guide for building festive Facebook and Instagram creatives that stay on-brand and conversion focused.
2026-10-13,Festive Local SEO for Small Businesses: A Navratri-to-Diwali Visibility Checklist,SEO,navratri-local-seo-festive-season-guide-2026.html,1549,"A festive local SEO checklist for Indian small businesses covering Google Business Profile, Maps visibility, local landing pages, reviews and seasonal intent."
2026-10-14,Paid Ads Landing Page Checklist: 20 Ways to Improve Conversion Quality,Digital Marketing,landing-page-checklist-paid-ads.html,646,"Use this paid ads landing page checklist to improve message match, trust, mobile usability, lead qualification and conversion quality."
2026-10-14,Festive Ad Budget Planning + Enhanced Conversions: Protect CPL While Demand Changes,Google Ads,festive-ad-budget-enhanced-conversions-guide-2026.html,1567,"Learn how to pace festive ad budgets, reduce wasted lead spend and use enhanced conversions to improve Google Ads measurement and optimization."
2026-10-15,Navratri Instagram Reels & Carousel Strategy: A 9-Day Content System That Does Not Feel Repetitive,Social Media,navratri-instagram-reels-carousel-strategy-2026.html,1589,"Plan Navratri Instagram Reels and carousel posts with a nine-day content system designed for reach, saves, engagement and business actions."
2026-10-16,Meta Ads Creative Targeting in 2026: Why Your Creative Is Part of the Audience Strategy,Meta Ads,meta-ads-creative-targeting-2026.html,577,Learn how Meta Ads creative can influence audience delivery in 2026 and how to build genuinely different creative angles for stronger reach and lead quality.
2026-10-16,"Post-Navratri Ad Data Clean-Up: Negative Keywords, Junk Leads and GA4 Analysis",Google Ads,post-navratri-google-ads-data-cleanup-guide-2026.html,1576,"A post-festival Google Ads and GA4 clean-up workflow for filtering junk leads, reviewing search terms, negative keywords and campaign performance."
2026-10-17,B2B Festive Marketing: LinkedIn & Meta Ads Without Holiday Ad Fatigue,LinkedIn Ads,festive-b2b-linkedin-meta-ads-strategy-2026.html,1568,"A B2B festive marketing strategy for LinkedIn and Meta Ads covering lead generation, audience relevance, creative fatigue, budgets and follow-up."
2026-10-17,9 Festive Ad Hook Formulas for Higher-CTR Copy Without Sounding Clickbaity,Content Writing,nine-festive-ad-hook-formulas-copywriting-2026.html,1522,"Nine practical festive ad hook formulas for paid social, search and landing pages, with examples designed to improve relevance without cheap clickbait."
2026-10-18,"Festive Landing Page CRO: Reduce Drop-Off, Improve Speed and Convert More Paid Traffic",Website Design,festive-landing-page-cro-guide-2026.html,1574,"A festive landing page optimization guide covering message match, mobile speed, trust, cart abandonment, forms and conversion-focused design."
2026-10-19,"Dussehra Marketing Campaign Ideas 2026: Offers, Creatives and Remarketing",Digital Marketing,dussehra-marketing-campaign-ideas-2026.html,527,"Plan a stronger Dussehra 2026 campaign with relevant offers, creative themes, Google and Meta Ads, remarketing and conversion tracking."
2026-10-21,SEO for Service Businesses in 2026: How to Build Visibility Across Search and AI Answers,SEO,seo-for-service-businesses-ai-search-2026.html,676,"A practical 2026 SEO framework for service businesses covering topical authority, local intent, E-E-A-T, internal linking, structured data and AI-search visibility."
2026-10-23,"Google Ads Smart Bidding Guide 2026: Maximize Conversions, Target CPA and Value-Based Bidding",Google Ads,google-ads-smart-bidding-guide-2026.html,614,"Understand Google Ads Smart Bidding in 2026 and when to use Maximize Conversions, Target CPA, Maximize Conversion Value and Target ROAS."
2026-10-26,"Google Ads Measurement in 2026: First-Party Data, Causality and Better Performance Decisions",Google Ads,google-ads-first-party-data-measurement-2026.html,568,"What Google’s 2026 measurement updates mean for advertisers using first-party data, conversion tracking, experimentation and marketing mix measurement."
2026-10-28,"Karwa Chauth Marketing Ideas 2026 for Beauty, Fashion, Jewellery and Gifting Brands",Digital Marketing,karwa-chauth-marketing-ideas-2026.html,482,"Karwa Chauth 2026 campaign ideas for salons, skincare, fashion, jewellery, gifting and local businesses, including paid ads, content and remarketing."
2026-10-30,Diwali Digital Marketing Checklist 2026: What Brands Should Prepare Before November,Digital Marketing,diwali-digital-marketing-checklist-2026.html,615,"A practical Diwali 2026 marketing checklist covering campaign timing, creative, Google Ads, Meta Ads, remarketing, landing pages, tracking and fulfilment."
