Page,Primary keyword,Supporting keywords,Search intent
Homepage,digital marketing specialist,Palkin; Palkin Singla; digital marketing specialist in India; performance marketing consultant,Find / hire a digital marketing specialist
About Palkin Singla,Palkin Singla,Palkin; digital marketing specialist; digital marketing specialist in India,Brand / person lookup
Services Hub,digital marketing services,Google Ads management; Meta Ads management; SEO services; social media marketing,Compare services
Google Ads Service,Google Ads management services,PPC management; Search Ads; Performance Max; Google Ads lead generation,Hire Google Ads management
Meta Ads Service,Meta Ads management services,Facebook Ads management; Instagram Ads; Meta lead generation,Hire Meta Ads management
SEO Service,SEO services,technical SEO; on-page SEO; content strategy; internal linking; local SEO,Hire SEO support
LinkedIn Service,LinkedIn marketing services,LinkedIn Ads; B2B lead generation; decision-maker targeting,Hire LinkedIn marketing support
Pricing,digital marketing pricing India,Google Ads pricing; SEO packages; Meta Ads pricing; digital marketing packages,Compare pricing
Google Ads Case Studies,Google Ads case studies,PPC case studies; Performance Max results; Search Ads case studies,Evaluate proof
Meta Ads Case Studies,Meta Ads case studies,Facebook Ads case studies; Instagram Ads results; paid social results,Evaluate proof
LinkedIn Ads Case Studies,LinkedIn Ads case studies,B2B lead generation case studies; LinkedIn Lead Gen Forms,Evaluate proof
Google Ads Portfolio,Google Ads expert India,PPC specialist India; Google Ads manager; Performance Max consultant,Review portfolio
Meta Ads Portfolio,Meta Ads expert India,Facebook Ads specialist; Instagram Ads manager; paid social consultant,Review portfolio
SEO Portfolio,SEO consultant India,freelance SEO expert India; technical SEO specialist; on-page SEO consultant,Review portfolio
Blog,digital marketing insights,what does a digital marketing specialist do; Google Ads guides; SEO guides; digital marketing strategy,Learn
Contact,digital marketing consultant contact,hire digital marketer; project enquiry; digital marketing consultation,Contact / hire
Digital Marketing Specialist Guide,what does a digital marketing specialist do,digital marketing specialist role; digital marketing specialist skills; hire digital marketing specialist,Informational / hiring research
